Order;Level;Code;Parent;ICD-10 code;ICD-9 code;ICD-8 code;Parent;Description
160221;1;1;;A00-B99;001-139;000-136;Infectious and parasitic diseases;Infectious and parasitic diseases
160222;2;2;1;A15-A19, B90;010-018, 137;010-019;Infectious and parasitic diseases;Tuberculosis
160223;2;3;1;A39;36;36;Infectious and parasitic diseases;Meningococcal infection
160224;2;4;1;B20-B24;042-044;-;Infectious and parasitic diseases;AIDS (HIV-disease)
160225;2;5;1;B15-B19;70;70;Infectious and parasitic diseases;Viral hepatitis
160226;1;6;;C00-D48;140-239;140-239;Neoplasms;Neoplasms
160227;2;7;6;C00-C97;140-208;140-209;Neoplasms;Malignant neoplasms
160228;3;8;7;C00-C14;140-149;140-149;Neoplasms;of which Malignant neoplasm of lip, oral cavity, pharynx
160229;3;9;7;C15;150;150;Neoplasms;of which Malignant neoplasm of oesophagus
160230;3;10;7;C16;151;151;Neoplasms;of which Malignant neoplasm of stomach
160231;3;11;7;C18;153;153;Neoplasms;of which Malignant neoplasm of colon
160232;3;12;7;C19-C20-C21;154;154;Neoplasms;of which Malignant neoplasm of rectum and anus
160233;3;13;7;C22;155;155, 197.8;Neoplasms;of which Malignant neoplasm liver and the intrahepaticbile ducts
160234;3;14;7;C25;157;157;Neoplasms;of which Malignant neoplasm of pancreas
160235;3;15;7;C32-C34;161-162;161-162;Neoplasms;of which Malignant neoplasm of larynx and trachea/bronchus/lung
160236;3;16;7;C43;172;172;Neoplasms;of which Malignant melanoma of skin
160237;3;17;7;C50;174-175;174;Neoplasms;of which Malignant neoplasm of breast
160238;3;18;7;C53;180;180;Neoplasms;of which Malignant neoplasm of cervix uteri
160239;3;19;7;C54-55;179, 182;182;Neoplasms;of which Malignant neoplasm of other parts of uterus
160240;3;20;7;C56;183;183;Neoplasms;of which Malignant neoplasm of ovary
160241;3;21;7;C61;185;185;Neoplasms;of which Malignant neoplasm of prostate
160242;3;22;7;C64;189;189;Neoplasms;of which Malignant neoplasm of kidney
160243;3;23;7;C67;188;188;Neoplasms;of which Malignant neoplasm of bladder
160244;3;24;7;C81-C96;200-208;200-209;Neoplasms;of which Malignant neoplasm of lymph./haematopoietic tissue
160245;1;25;;D50-D89;279-289;280-289;Diseases of the blood(-forming organs), immunol. disorders;Diseases of the blood(-forming organs), immunol. disorders
160246;1;26;;E00-E90;240-278;240-279;Endocrine, nutritional and metabolic diseases;Endocrine, nutritional and metabolic diseases
160247;2;27;26;E10-E14;250;250;Endocrine, nutritional and metabolic diseases;Diabetes mellitus
160248;1;28;;F00-F99;290-319;290-315;Mental and behavioural disorders;Mental and behavioural disorders
160249;2;29;28;F10;291, 303;291, 303;Mental and behavioural disorders;Alcohol abuse (including alcoholic psychosis)
160250;2;30;28;F11-F16, F18-F19;304-305;304-305;Mental and behavioural disorders;Drug dependence, toxicomania
160251;1;31;;G00-H95;320-389;320-389;Diseases of the nervous system and the sense organs;Diseases of the nervous system and the sense organs
160252;2;32;31;G00-G03;320-322;320;Diseases of the nervous system and the sense organs;Meningitis (other than 03)
160253;1;33;;I00-I99;390-459;390-444.1, 444.3-458, 782.4;Diseases of the circulatory system;Diseases of the circulatory system
160254;2;34;33;I20-I25;410-414;410-414;Diseases of the circulatory system;Ischaemic heart diseases
160255;2;35;33;I30-I33, I39-I52;420-423, 425-429;420-423, 425-429;Diseases of the circulatory system;Other heart diseases     
160256;2;36;33;I60-I69;430-438;430-438;Diseases of the circulatory system;Cerebrovascular diseases
160257;1;37;;J00-J99;460-519;460-519;Diseases of the respiratory system;Diseases of the respiratory system
160258;2;38;37;J10-J11;487;470-474;Diseases of the respiratory system;Influenza
160259;2;39;37;J12-J18;480-486;480-486;Diseases of the respiratory system;Pneumonia
160260;2;40;37;J40-J47;490-494, 496;491-493, 518;Diseases of the respiratory system;Chronic lower respiratory diseases
160261;3;41;40;J45-J46;493;493;Diseases of the respiratory system;of which asthma
160262;1;42;;K00-K93;520-579;520-577, 444.2;Diseases of the digestive system;Diseases of the digestive system
160263;2;43;42;K25-K28;531-534;531-534;Diseases of the digestive system;Ulcer of stomach, duodenum and jejunum
160264;2;44;42;K70, K73-K74;571.0-571.9;571.0-571.9;Diseases of the digestive system;Chronic liver disease
160265;1;45;;L00-L99;680-709;680-709;Diseases of the skin and subcutaneous tissue;Diseases of the skin and subcutaneous tissue
160266;1;46;;M00-M99;710-739;710-738;Diseases of the musculoskeletal system/connective tissue;Diseases of the musculoskeletal system/connective tissue
160267;2;47;46;M05-M06, M15-M19;714-715;712-713;Diseases of the musculoskeletal system/connective tissue;Rheumatoid arthritis and osteoarthrosis
160268;1;48;;N00-N99;580-629;580-629, 792 ;Diseases of the genitourinary system;Diseases of the genitourinary system
160269;2;49;48;N00-N29;580-594;580-594;Diseases of the genitourinary system;Diseases of kidney and ureter
160270;1;50;;O00-O99;630-676;630-678;Complications of pregnancy, childbirth and puerperium;Complications of pregnancy, childbirth and puerperium
160271;1;51;;P00-P96;760-779;760-779;Certain conditions originating in the perinatal period;Certain conditions originating in the perinatal period
160272;1;52;;Q00-Q99;740-759;740-759;Congenital malformations and chromosomal abnormalities;Congenital malformations and chromosomal abnormalities
160273;2;53;52;Q00-Q07;740-742;740-743;Congenital malformations and chromosomal abnormalities;Congenital malformations of the nervous system
160274;2;54;52;Q20-Q28;745-747;746-747;Congenital malformations and chromosomal abnormalities;Congenital malformations of the circulatory system
160275;1;55;;R00-R99;780-799;780-782.3, 782.5-791, 793-796;Symptoms, signs, abnormal findings, ill-defined causes;Symptoms, signs, abnormal findings, ill-defined causes
160276;2;56;55;R95;798;-;Symptoms, signs, abnormal findings, ill-defined causes;Sudden infant death syndrome
160277;2;57;55;R96-R99;798.1-9, 799;795-796;Symptoms, signs, abnormal findings, ill-defined causes;Unknown and unspecified causes
160278;1;58;;V01-Y89;E800-E999;E800-E999;External causes of injury and poisoning;External causes of injury and poisoning
160279;2;59;58;V01-X59;E800-E929;E800-E929, E940-E942;External causes of injury and poisoning;Accidents
160280;3;60;59;V01-V99;E800-E848;E800-E845;External causes of injury and poisoning;of which Transport accidents
160281;3;61;59;W00-W19;E880-E888;E880-E887;External causes of injury and poisoning;of which Accidental falls
160282;3;62;59;X40-X49;E850-E869;E850-E877;External causes of injury and poisoning;of which Accidental poisoning
160283;2;63;58;X60-X84;E950-E959;E950-E959;External causes of injury and poisoning;Suicide and intentional self-harm
160284;2;64;58;X85-Y09;E960-E969;E960-E969;External causes of injury and poisoning;Homicide, assault
160285;2;65;58;Y10-Y34;E980-E989;E980-E989;External causes of injury and poisoning;Events of undetermined intent
